{
    "params": {
        "activation": "relu",
        "dropout": 0.25,
        "lr": 0.001,
        "optimizer": "sgd",
        "weight_decay": 0.0,
        "filters": [
            16,
            32
        ],
        "batch_size": 64
    },
    "train_loss": [
        1.743937466098169,
        0.6058669819948839,
        0.33516824453148847,
        0.21589976575780287,
        0.15990164626134457,
        0.11742627655523127,
        0.08668616455199603,
        0.06696214763130111,
        0.05430572332503895,
        0.040392433426716376,
        0.03408669416501948,
        0.02523228903342426,
        0.027865458534395815,
        0.014647702351449863,
        0.012211169049595074,
        0.010798686490748837,
        0.014334784086715164,
        0.009049521931251586,
        0.006479187915145968,
        0.010322346112315816,
        0.021478820241343184,
        0.007016373666594484,
        0.0033724303242346704,
        0.0042432494532455445,
        0.006773946805304937,
        0.0036546263824002905,
        0.0024332556395365796,
        0.002331461517154846,
        0.006230203188795085,
        0.004356879928998785,
        0.0018257331559249617,
        0.012330252862769921,
        0.001907206681029302,
        0.0023263391426514954,
        0.0016617207373619965,
        0.002259626885270505,
        0.0006457872238590423,
        0.001842845263453195,
        0.0020345546769135773,
        0.001074408799618887,
        0.0014281422224874485,
        0.0012506287916094984,
        0.0012096533389763609,
        0.0008743585310936141,
        0.00047647493521329044,
        0.0004245834541748674,
        0.0008043304863491055,
        0.0009941976450597953,
        0.0016432418440229131,
        0.00040623274817073573
    ],
    "train_acc": [
        46.73412698412698,
        79.93783068783068,
        88.62301587301587,
        92.6005291005291,
        94.60978835978835,
        96.00132275132275,
        97.06481481481481,
        97.82275132275132,
        98.1931216931217,
        98.68518518518519,
        98.88095238095238,
        99.21825396825396,
        99.08068783068784,
        99.55423280423281,
        99.65873015873017,
        99.68386243386243,
        99.59656084656085,
        99.7473544973545,
        99.84126984126983,
        99.70238095238095,
        99.29761904761905,
        99.7989417989418,
        99.92592592592592,
        99.89153439153439,
        99.82275132275132,
        99.9021164021164,
        99.93915343915344,
        99.9510582010582,
        99.81349206349206,
        99.87169312169313,
        99.96957671957672,
        99.68915343915344,
        99.96164021164022,
        99.93518518518519,
        99.95899470899471,
        99.93518518518519,
        99.99338624338624,
        99.95899470899471,
        99.95370370370371,
        99.98412698412699,
        99.96031746031746,
        99.97486772486772,
        99.97619047619048,
        99.98544973544973,
        99.994708994709,
        99.99603174603175,
        99.98544973544973,
        99.98015873015873,
        99.95767195767196,
        99.99603174603175
    ],
    "valid_acc": [
        75.0,
        92.85714285714286,
        100.0,
        100.0,
        100.0,
        100.0,
        100.0,
        100.0,
        100.0,
        100.0,
        100.0,
        100.0,
        100.0,
        100.0,
        100.0,
        100.0,
        100.0,
        100.0,
        100.0,
        100.0,
        100.0,
        100.0,
        100.0,
        100.0,
        100.0,
        100.0,
        100.0,
        100.0,
        100.0,
        100.0,
        100.0,
        100.0,
        100.0,
        100.0,
        100.0,
        100.0,
        100.0,
        100.0,
        100.0,
        100.0,
        100.0,
        100.0,
        100.0,
        100.0,
        100.0,
        100.0,
        100.0,
        100.0,
        100.0,
        100.0
    ],
    "precision": 0.999763481551561,
    "recall": 0.9997619047619047,
    "f1": 0.9997619021163727,