{
    "params": {
        "activation": "relu",
        "dropout": 0.25,
        "lr": 0.001,
        "optimizer": "sgd",
        "weight_decay": 0.0,
        "filters": [
            16,
            32
        ],
        "batch_size": 128
    },
    "train_loss": [
        2.031804237470611,
        0.8924960433529113,
        0.544397689515564,
        0.4079458638647486,
        0.3082146292864369,
        0.24971801457318357,
        0.20276107903815768,
        0.17369050305658185,
        0.14798091981062025,
        0.13057080395960968,
        0.11374692430061031,
        0.10249269166220666,
        0.09473248666495891,
        0.08435289593265342,
        0.07583457464115874,
        0.06205689844197882,
        0.06202296946708321,
        0.05518572235420069,
        0.049690504570203235,
        0.05222443456630744,
        0.045983200887290604,
        0.047396601002045645,
        0.039099248222275534,
        0.03203794105819942,
        0.028011098798157965,
        0.02625152025751568,
        0.03394195252634323,
        0.027155169203102136,
        0.025388913564565206,
        0.024386742836583007,
        0.023471851041107147,
        0.01846510930480861,
        0.019548986476645908,
        0.02170712650830774,
        0.02262834978940725,
        0.01969608501747862,
        0.015695990220637276,
        0.015641889884727558,
        0.013566977793469793,
        0.017658550783817683,
        0.01272736192066711,
        0.009870729770370745,
        0.011180337457586703,
        0.009690742069304181,
        0.012113066756490747,
        0.009667523762192688,
        0.008688077764241292,
        0.009700446408525638,
        0.01679322913329648,
        0.01120768643609546
    ],
    "train_acc": [
        39.36507936507937,
        70.48412698412699,
        81.52645502645503,
        86.08465608465609,
        89.38359788359789,
        91.30952380952381,
        92.96164021164022,
        94.01984126984127,
        94.8862433862434,
        95.51587301587301,
        96.15873015873017,
        96.53306878306879,
        96.74074074074075,
        97.1441798941799,
        97.45238095238095,
        97.90343915343915,
        97.96164021164022,
        98.08201058201058,
        98.34126984126983,
        98.21825396825396,
        98.43915343915344,
        98.3994708994709,
        98.72883597883597,
        98.93783068783068,
        99.07142857142857,
        99.11772486772487,
        98.85449735449735,
        99.08068783068784,
        99.18253968253968,
        99.19708994708995,
        99.2420634920635,
        99.4021164021164,
        99.38359788359789,
        99.28571428571429,
        99.29629629629629,
        99.32142857142857,
        99.50396825396825,
        99.52910052910053,
        99.57142857142857,
        99.43518518518519,
        99.61243386243386,
        99.71428571428571,
        99.65079365079364,
        99.69047619047619,
        99.61243386243386,
        99.70767195767196,
        99.72751322751323,
        99.6984126984127,
        99.44444444444444,
        99.67592592592592
    ],
    "valid_acc": [
        75.0,
        85.71428571428571,
        92.85714285714286,
        89.28571428571429,
        96.42857142857143,
        96.42857142857143,
        96.42857142857143,
        100.0,
        100.0,
        96.42857142857143,
        100.0,
        96.42857142857143,
        96.42857142857143,
        96.42857142857143,
        100.0,
        100.0,
        100.0,
        100.0,
        100.0,
        100.0,
        100.0,
        100.0,
        100.0,
        100.0,
        100.0,
        100.0,
        100.0,
        100.0,
        100.0,
        100.0,
        100.0,
        100.0,
        100.0,
        100.0,
        100.0,
        100.0,
        100.0,
        100.0,
        100.0,
        100.0,
        100.0,
        100.0,
        100.0,
        100.0,
        100.0,
        100.0,
        100.0,
        100.0,
        100.0,
        100.0
    ],
    "precision": 0.9946146023315109,
    "recall": 0.9945238095238095,
    "f1": 0.9945251096755878,