{
    "params": {
        "activation": "relu",
        "dropout": 0.25,
        "lr": 0.001,
        "optimizer": "adam",
        "weight_decay": 0.0,
        "filters": [
            16,
            32
        ],
        "batch_size": 64
    },
    "train_loss": [
        0.592604113405479,
        0.06903153319304176,
        0.04560427144006314,
        0.0350505157260385,
        0.024529774278694745,
        0.02404747414203221,
        0.023942242085846596,
        0.016305649826255073,
        0.01758868813288687,
        0.016901580451215256,
        0.012828421190551543,
        0.017873405787517543,
        0.012607486352802696,
        0.009972090002440395,
        0.01080355822968564,
        0.011661459785296962,
        0.013456656254480077,
        0.006591897158381253,
        0.01095136224507377,
        0.008692822087517363,
        0.009686312856844006,
        0.010799643300057605,
        0.00761285866279522,
        0.011522256797037585,
        0.006898469964582077,
        0.008289855582855409,
        0.008621521719427276,
        0.011085565090727416,
        0.008423347013039904,
        0.00416950598592661,
        0.014234742560200908,
        0.003358524778889121,
        0.010089365279198317,
        0.00588609856414475,
        0.009848635047150209,
        0.004592126982639331,
        0.011081318945770332,
        0.006521001284735851,
        0.007990239316361416,
        0.005873319890992438,
        0.008276928715191619,
        0.005544824614025269,
        0.005804519869252619,
        0.009656668765336322,
        0.006104104702653226,
        0.008638832072716348,
        0.007073585242522409,
        0.007649165755727842,
        0.009751973277845867,
        0.008450141652761471
    ],
    "train_acc": [
        81.58068783068784,
        97.66402116402116,
        98.505291005291,
        98.86640211640211,
        99.21693121693121,
        99.21560846560847,
        99.2936507936508,
        99.5079365079365,
        99.4431216931217,
        99.48809523809524,
        99.6058201058201,
        99.47486772486772,
        99.62169312169313,
        99.71825396825396,
        99.69047619047619,
        99.66402116402116,
        99.6441798941799,
        99.7989417989418,
        99.69973544973546,
        99.77513227513228,
        99.72089947089947,
        99.71428571428571,
        99.81349206349206,
        99.69973544973546,
        99.81746031746032,
        99.81878306878306,
        99.78174603174604,
        99.73148148148148,
        99.78835978835978,
        99.88359788359789,
        99.67989417989418,
        99.91137566137566,
        99.75,
        99.85185185185185,
        99.77777777777777,
        99.8994708994709,
        99.75925925925925,
        99.82539682539682,
        99.81613756613757,
        99.85978835978835,
        99.83597883597884,
        99.86772486772487,
        99.8637566137566,
        99.80820105820106,
        99.88359788359789,
        99.83068783068784,
        99.85185185185185,
        99.83994708994709,
        99.82539682539682,
        99.84391534391534
    ],
    "valid_acc": [
        100.0,
        96.42857142857143,
        100.0,
        96.42857142857143,
        100.0,
        100.0,
        96.42857142857143,
        96.42857142857143,
        100.0,
        100.0,
        100.0,
        100.0,
        100.0,
        96.42857142857143,
        100.0,
        100.0,
        100.0,
        100.0,
        100.0,
        100.0,
        100.0,
        100.0,
        100.0,
        100.0,
        100.0,
        100.0,
        100.0,
        100.0,
        100.0,
        100.0,
        100.0,
        100.0,
        100.0,
        100.0,
        100.0,
        100.0,
        100.0,
        100.0,
        100.0,
        100.0,
        100.0,
        100.0,
        100.0,
        100.0,
        100.0,
        100.0,
        100.0,
        100.0,
        100.0,
        100.0
    ],
    "precision": 0.9903647484535235,
    "recall": 0.9902380952380953,
    "f1": 0.9902394843299746,