{
    "params": {
        "activation": "relu",
        "dropout": 0.25,
        "lr": 0.0005,
        "optimizer": "sgd",
        "weight_decay": 0.0,
        "filters": [
            16,
            32
        ],
        "batch_size": 64
    },
    "train_loss": [
        2.1442639539286166,
        0.9199907504110368,
        0.5437964888544857,
        0.3840366782850622,
        0.280444619606695,
        0.2262344468296734,
        0.18118089569540294,
        0.1556444622343012,
        0.12987942788308698,
        0.1093319913934973,
        0.09375085317617986,
        0.08716786241823848,
        0.07449266380022158,
        0.06239750810923266,
        0.05881489716216531,
        0.04792457203992978,
        0.04373351460219914,
        0.0435849301633819,
        0.03496180453897941,
        0.02806548235462049,
        0.03169142801720175,
        0.028485465057898635,
        0.02406785267167063,
        0.021873859398241522,
        0.01963948441428832,
        0.01768468330701334,
        0.018735338592202153,
        0.018053499269332696,
        0.01410050026545212,
        0.017698161538206546,
        0.012782850471420163,
        0.01639075199689802,
        0.010294205124990095,
        0.008623289723518933,
        0.009688545249775506,
        0.01314213793752254,
        0.010952552840206319,
        0.007211323803498145,
        0.007710754270332451,
        0.007511008499978526,
        0.007855629151983087,
        0.0067271481080988975,
        0.0034674672520471866,
        0.005245370788380245,
        0.005918650623542526,
        0.00700098556380862,
        0.004731576528454648,
        0.005406543683485384,
        0.0058229736572863,
        0.008695814094629613
    ],
    "train_acc": [
        36.63095238095238,
        69.90079365079364,
        81.47486772486772,
        86.9047619047619,
        90.36507936507937,
        92.12962962962963,
        93.72089947089947,
        94.66931216931216,
        95.4973544973545,
        96.29232804232804,
        96.83333333333333,
        97.07671957671958,
        97.47751322751323,
        97.91931216931216,
        98.01984126984127,
        98.4074074074074,
        98.52248677248677,
        98.56084656084656,
        98.87962962962963,
        99.14021164021165,
        98.97883597883597,
        99.09126984126983,
        99.21031746031746,
        99.30952380952381,
        99.3994708994709,
        99.45238095238095,
        99.4021164021164,
        99.43121693121694,
        99.57275132275132,
        99.41269841269842,
        99.62830687830687,
        99.53571428571429,
        99.71164021164022,
        99.76190476190476,
        99.72354497354497,
        99.59126984126983,
        99.68915343915344,
        99.78439153439153,
        99.78174603174604,
        99.77248677248677,
        99.77777777777777,
        99.81481481481481,
        99.93650793650794,
        99.85978835978835,
        99.83597883597884,
        99.7989417989418,
        99.87830687830687,
        99.83597883597884,
        99.80952380952381,
        99.73809523809524
    ],
    "valid_acc": [
        75.0,
        92.85714285714286,
        96.42857142857143,
        92.85714285714286,
        100.0,
        100.0,
        89.28571428571429,
        92.85714285714286,
        96.42857142857143,
        100.0,
        100.0,
        100.0,
        100.0,
        100.0,
        100.0,
        100.0,
        100.0,
        100.0,
        100.0,
        100.0,
        100.0,
        100.0,
        100.0,
        100.0,
        100.0,
        100.0,
        100.0,
        100.0,
        100.0,
        100.0,
        100.0,
        100.0,
        100.0,
        100.0,
        100.0,
        100.0,
        100.0,
        100.0,
        100.0,
        100.0,
        100.0,
        100.0,
        100.0,
        100.0,
        100.0,
        100.0,
        100.0,
        100.0,
        96.42857142857143,
        100.0
    ],
    "precision": 0.9979898166604555,
    "recall": 0.9979761904761906,
    "f1": 0.9979765428100065,