{
    "params": {
        "activation": "relu",
        "dropout": 0.25,
        "lr": 0.0001,
        "optimizer": "sgd",
        "weight_decay": 0.0,
        "filters": [
            16,
            32
        ],
        "batch_size": 64
    },
    "train_loss": [
        2.8751105916278212,
        1.8281130740283509,
        1.235463395941681,
        0.8861958312907599,
        0.6715572922665456,
        0.5373966137164741,
        0.4475334017662026,
        0.3769751969731197,
        0.3270268558749894,
        0.28797134488518467,
        0.25158800433079404,
        0.2283514235452347,
        0.20074196009661896,
        0.18554333304945386,
        0.170376137731039,
        0.1635828102779671,
        0.14724208871863922,
        0.13017873918754247,
        0.12745015360667117,
        0.11723860381990545,
        0.10815253445024518,
        0.09874170591232136,
        0.09556010772132152,
        0.088315978929142,
        0.08606601642309207,
        0.08393986899620032,
        0.07580442654458229,
        0.08103754174148635,
        0.0696278745501559,
        0.0685423922503616,
        0.06844722935591088,
        0.06896416208188344,
        0.05761308180697754,
        0.054545932794509804,
        0.05717327715450813,
        0.048484581420509314,
        0.053249413221239314,
        0.04852880498901791,
        0.0548683989555898,
        0.04769044733449088,
        0.04409285977363819,
        0.04276861546673598,
        0.04434117732838257,
        0.042649266072674996,
        0.041769094389741974,
        0.037015343930469055,
        0.03876988637649538,
        0.03509876564072797,
        0.03709402946507489,
        0.033089755587070994
    ],
    "train_acc": [
        19.941798941798943,
        46.164021164021165,
        62.294973544973544,
        72.43915343915344,
        78.57539682539682,
        82.82142857142857,
        85.41798941798942,
        87.64682539682539,
        89.23544973544973,
        90.45767195767196,
        91.78835978835978,
        92.53042328042328,
        93.3994708994709,
        93.87830687830687,
        94.39550264550265,
        94.46296296296296,
        95.08333333333333,
        95.73412698412699,
        95.78439153439153,
        96.10185185185185,
        96.36111111111111,
        96.66269841269842,
        96.86243386243386,
        97.05026455026454,
        97.06084656084656,
        97.18518518518519,
        97.4563492063492,
        97.31216931216932,
        97.72354497354497,
        97.73941798941799,
        97.75396825396825,
        97.67989417989418,
        98.05820105820106,
        98.18518518518519,
        98.07275132275132,
        98.3941798941799,
        98.28571428571429,
        98.41402116402116,
        98.14814814814815,
        98.44708994708995,
        98.53703703703704,
        98.57539682539682,
        98.53439153439153,
        98.51984126984127,
        98.58465608465609,
        98.79497354497354,
        98.71693121693121,
        98.84920634920636,
        98.83465608465609,
        98.92724867724868
    ],
    "valid_acc": [
        53.57142857142857,
        71.42857142857143,
        75.0,
        89.28571428571429,
        96.42857142857143,
        89.28571428571429,
        96.42857142857143,
        100.0,
        100.0,
        100.0,
        100.0,
        100.0,
        100.0,
        100.0,
        100.0,
        100.0,
        100.0,
        100.0,
        100.0,
        96.42857142857143,
        100.0,
        100.0,
        100.0,
        100.0,
        100.0,
        100.0,
        100.0,
        100.0,
        100.0,
        100.0,
        96.42857142857143,
        100.0,
        100.0,
        100.0,
        100.0,
        100.0,
        100.0,
        100.0,
        100.0,
        100.0,
        100.0,
        100.0,
        100.0,
        100.0,
        100.0,
        100.0,
        100.0,
        100.0,
        100.0,
        100.0
    ],
    "precision": 0.9908185662189564,
    "recall": 0.9903571428571428,
    "f1": 0.9903189574209345,