{
    "params": {
        "activation": "relu",
        "dropout": 0.25,
        "lr": 0.01,
        "optimizer": "sgd",
        "weight_decay": 0.0,
        "filters": [
            16,
            32
        ],
        "batch_size": 64
    },
    "train_loss": [
        1.0184572336158373,
        0.21813639498263748,
        0.10404796888565254,
        0.07420420402155908,
        0.05301179265044344,
        0.054069778442465875,
        0.035091037876400874,
        0.03693638037419296,
        0.03834501671363652,
        0.029462650074435617,
        0.02991395247767742,
        0.03818541928055423,
        0.02308630816539728,
        0.021012960436882104,
        0.01947146970280058,
        0.018231881366419452,
        0.02881006725509079,
        0.020448354828077622,
        0.0515925879188252,
        0.03618714204154526,
        0.016617113321852336,
        0.01529754892421614,
        0.018562318942645605,
        0.02633619751535398,
        0.026142769145766773,
        0.03933261887567245,
        0.030142852968048018,
        0.031910375365088964,
        0.056316047785409114,
        0.04474645838453559,
        0.03789212205246149,
        0.02153557586240349,
        0.054264731160005936,
        0.04927935395159256,
        0.05421167610870777,
        0.06314451892509687,
        0.05628660118546505,
        0.06991618019779502,
        0.07655719437466235,
        0.04777161802697142,
        0.08113783396558685,
        0.07302602085582406,
        0.06283379830172288,
        0.06900094660476944,
        0.13407267043273666,
        0.09591393818043364,
        0.14711290450990105,
        0.11108998987721404,
        0.1743065672155604,
        0.18523492451704893
    ],
    "train_acc": [
        66.68253968253968,
        92.45767195767196,
        96.50132275132275,
        97.47751322751323,
        98.35185185185185,
        98.26455026455027,
        98.87830687830687,
        98.89550264550265,
        98.83597883597884,
        99.14550264550265,
        99.17460317460318,
        98.9510582010582,
        99.32142857142857,
        99.42857142857143,
        99.45238095238095,
        99.5079365079365,
        99.23015873015873,
        99.5,
        98.85714285714286,
        99.10317460317461,
        99.56481481481481,
        99.5978835978836,
        99.55026455026454,
        99.3994708994709,
        99.42857142857143,
        99.17328042328042,
        99.35714285714286,
        99.30952380952381,
        98.9510582010582,
        99.18121693121694,
        99.27513227513228,
        99.5436507936508,
        99.0489417989418,
        99.18650793650794,
        99.13888888888889,
        99.03968253968254,
        99.12301587301587,
        98.91534391534391,
        98.98015873015873,
        99.28571428571429,
        98.93518518518519,
        99.00925925925925,
        99.15343915343915,
        99.11904761904762,
        98.55026455026454,
        98.8558201058201,
        98.53042328042328,
        98.84126984126983,
        98.3558201058201,
        98.37301587301587
    ],
    "valid_acc": [
        100.0,
        96.42857142857143,
        100.0,
        100.0,
        100.0,
        96.42857142857143,
        100.0,
        100.0,
        100.0,
        100.0,
        100.0,
        100.0,
        100.0,
        100.0,
        100.0,
        100.0,
        100.0,
        100.0,
        100.0,
        100.0,
        100.0,
        100.0,
        100.0,
        100.0,
        100.0,
        100.0,
        100.0,
        96.42857142857143,
        100.0,
        100.0,
        100.0,
        100.0,
        100.0,
        100.0,
        100.0,
        100.0,
        96.42857142857143,
        96.42857142857143,
        96.42857142857143,
        100.0,
        100.0,
        96.42857142857143,
        100.0,
        100.0,
        100.0,
        100.0,
        96.42857142857143,
        96.42857142857143,
        100.0,
        96.42857142857143
    ],
    "precision": 0.963976646895622,
    "recall": 0.9623809523809522,
    "f1": 0.962275021772799,