{
    "params": {
        "activation": "relu",
        "dropout": 0.25,
        "lr": 0.005,
        "optimizer": "sgd",
        "weight_decay": 0.0,
        "filters": [
            16,
            32
        ],
        "batch_size": 64
    },
    "train_loss": [
        1.397643885006356,
        0.3725557870999004,
        0.15919673827030836,
        0.09346708281094905,
        0.07024699731501624,
        0.04210744494457147,
        0.04040520473611076,
        0.025522539286135237,
        0.029425043142108167,
        0.0197746883849475,
        0.018674191913310167,
        0.0029891060434874507,
        0.005678150067198393,
        0.006742180474401138,
        0.007727189805024422,
        0.013267633794437985,
        0.008878631239379651,
        0.006626280313176827,
        0.013130624931837838,
        0.009711992364205405,
        0.0053582033130184295,
        0.0024564088658030644,
        0.001191433856048913,
        0.007860665208513095,
        0.006005380254629254,
        0.005651312258218056,
        0.0043084480216071365,
        0.004550004757903532,
        0.0030739310434528644,
        0.003862008930998412,
        0.0019871243047827696,
        0.002903522823518559,
        0.0013141617917418044,
        0.0011475894271481435,
        0.0008577840613739701,
        0.000126353303956296,
        0.0036606174884954365,
        0.0006424068351627443,
        7.274717692444914e-05,
        5.150584220084e-05,
        0.00010345392633210194,
        5.655694748787219e-05,
        0.00038038964852810515,
        4.9678004966958866e-05,
        4.576135141386629e-05,
        2.8269201558332836e-05,
        3.1116527490279746e-05,
        0.000121617377794457,
        2.1347012518554163e-05,
        2.2242904574576188e-05
    ],
    "train_acc": [
        54.92989417989418,
        87.005291005291,
        94.48412698412699,
        96.86640211640211,
        97.69179894179894,
        98.61243386243386,
        98.70370370370371,
        99.15079365079364,
        99.08201058201058,
        99.35185185185185,
        99.43253968253968,
        99.92195767195767,
        99.81349206349206,
        99.79629629629629,
        99.77645502645503,
        99.61640211640211,
        99.73677248677248,
        99.78306878306879,
        99.61772486772487,
        99.72089947089947,
        99.85185185185185,
        99.92328042328042,
        99.95767195767196,
        99.77645502645503,
        99.82539682539682,
        99.82936507936508,
        99.89153439153439,
        99.85846560846561,
        99.90079365079364,
        99.91137566137566,
        99.93650793650794,
        99.91269841269842,
        99.96693121693121,
        99.98412698412699,
        99.97883597883597,
        99.9973544973545,
        99.8862433862434,
        99.97883597883597,
        100.0,
        100.0,
        99.9973544973545,
        100.0,
        99.99338624338624,
        100.0,
        100.0,
        100.0,
        100.0,
        99.99603174603175,
        100.0,
        100.0
    ],
    "valid_acc": [
        82.14285714285714,
        100.0,
        100.0,
        100.0,
        100.0,
        100.0,
        100.0,
        96.42857142857143,
        100.0,
        100.0,
        100.0,
        100.0,
        100.0,
        100.0,
        100.0,
        100.0,
        100.0,
        100.0,
        100.0,
        100.0,
        100.0,
        100.0,
        100.0,
        100.0,
        100.0,
        100.0,
        100.0,
        100.0,
        100.0,
        100.0,
        100.0,
        100.0,
        100.0,
        100.0,
        100.0,
        100.0,
        100.0,
        100.0,
        100.0,
        100.0,
        100.0,
        100.0,
        100.0,
        100.0,
        100.0,
        100.0,
        100.0,
        100.0,
        100.0,
        100.0
    ],
    "precision": 0.9990527449236278,
    "recall": 0.9990476190476191,
    "f1": 0.9990480046206253,
    "cm": [
        [
            300,
            0,
            0,
            0,
            0,
            0,
            0,
            0,
            0,
            0,
            0,
            0,
            0,
            0,
            0,
            0,
            0,
            0,
            0,
            0,
            0,
            0,
            0,
            0,
            0,
            0,
            0,
            0
        ],
        [
            0,
            300,
            0,
            0,
            0,
            0,
            0,
            0,
            0,
            0,
            0,
            0,
            0,
            0,
            0,
            0,
            0,
            0,
            0,
            0,
            0,
            0,
            0,
            0,
            0,
            0,
            0,
            0
        ],
        [
            0,
            0,
            297,
            3,
            0,
            0,
            0,
            0,
            0,
            0,
            0,
            0,
            0,
            0,
            0,
            0,
            0,
            0,
            0,
            0,
            0,
            0,
            0,
            0,
            0,
            0,
            0,
            0
        ],
        [
            1,
            0,
            0,
            299,
            0,
            0,
            0,
            0,
            0,
            0,
            0,
            0,
            0,
            0,
            0,
            0,
            0,
            0,
            0,
            0,
            0,
            0,
            0,
            0,
            0,
            0,
            0,
            0
        ],
        [
            0,
            0,
            0,
            0,
            300,
            0,
            0,
            0,
            0,
            0,
            0,
            0,
            0,
            0,
            0,
            0,
            0,
            0,
            0,
            0,
            0,
            0,
            0,
            0,
            0,
            0,
            0,
            0
        ],
        [
            0,
            0,
            0,
            0,
            0,
            300,
            0,
            0,
            0,
            0,
            0,
            0,
            0,
            0,
            0,
            0,
            0,
            0,
            0,
            0,
            0,
            0,
            0,
            0,
            0,
            0,
            0,
            0
        ],
        [
            0,
            0,
            0,
            0,
            0,
            0,
            300,
            0,
            0,
            0,
            0,
            0,
            0,
            0,
            0,
            0,
            0,
            0,
            0,
            0,
            0,
            0,
            0,
            0,
            0,
            0,
            0,
            0
        ],
        [
            0,
            0,
            0,
            0,
            0,
            0,
            0,
            300,
            0,
            0,
            0,
            0,
            0,
            0,
            0,
            0,
            0,
            0,
            0,
            0,
            0,
            0,
            0,
            0,
            0,
            0,
            0,
            0
        ],
        [
            0,
            0,
            0,
            0,
            0,
            0,
            0,
            0,
            300,
            0,
            0,
            0,
            0,
            0,
            0,
            0,
            0,
            0,
            0,
            0,
            0,
            0,
            0,
            0,
            0,
            0,
            0,
            0
        ],
        [
            0,
            0,
            0,
