{
    "params": {
        "activation": "relu",
        "dropout": 0.25,
        "lr": 0.001,
        "optimizer": "sgd",
        "weight_decay": 0.0,
        "filters": [
            16,
            32
        ],
        "batch_size": 32
    },
    "train_loss": [
        1.4718947603169812,
        0.5017266565846328,
        0.28006872141097644,
        0.17676012715702333,
        0.11381133889555387,
        0.07184165669762786,
        0.05382133778001876,
        0.03586015549185602,
        0.028820886863745607,
        0.0189437818603497,
        0.023154170622132573,
        0.025668310911079576,
        0.016133536601050064,
        0.012142796696781779,
        0.007115706455564408,
        0.007294546125507287,
        0.004083267011247236,
        0.0025951877237196863,
        0.0030701438616842157,
        0.0011955038664445423,
        0.0017838667396399687,
        0.003712987871607809,
        0.011319110408579568,
        0.013582321539507555,
        0.007882676611804623,
        0.002060904496967831,
        0.003645873888229662,
        0.000419728106748124,
        0.002042914010715249,
        0.0007411785387884682,
        0.0006161678956204136,
        0.000291869052194641,
        0.00021525771856883343,
        0.0008788895815734305,
        0.00034074270173306586,
        0.00037482532206163817,
        0.00022853069707799223,
        0.0003080860172744644,
        0.0001850383762490588,
        0.000810520798561282,
        0.00044493784578978593,
        0.00038264831304047264,
        0.0001506993006557709,
        0.00012407124005676644,
        0.00013034700924774068,
        0.0007185746695000007,
        0.00015806510919337189,
        0.00013831744778406173,
        0.0010198722422041459,
        0.0001355759288935679
    ],
    "train_acc": [
        53.785714285714285,
        82.71164021164022,
        90.29629629629629,
        93.8558201058201,
        96.11507936507937,
        97.6005291005291,
        98.26322751322752,
        98.85449735449735,
        99.09391534391534,
        99.4021164021164,
        99.26984126984127,
        99.12830687830687,
        99.50396825396825,
        99.66005291005291,
        99.80026455026454,
        99.79232804232804,
        99.89285714285714,
        99.93386243386243,
        99.92195767195767,
        99.97751322751323,
        99.95238095238095,
        99.91666666666667,
        99.66931216931216,
        99.63756613756614,
        99.78835978835978,
        99.96031746031746,
        99.91666666666667,
        99.9973544973545,
        99.9563492063492,
        99.98941798941799,
        99.9920634920635,
        99.9973544973545,
        100.0,
        99.97619047619048,
        99.9973544973545,
        99.98941798941799,
        99.9973544973545,
        99.994708994709,
        100.0,
        99.97883597883597,
        99.99074074074075,
        99.99603174603175,
        99.99867724867725,
        99.99867724867725,
        100.0,
        99.98015873015873,
        99.9973544973545,
        99.99867724867725,
        99.97751322751323,
        100.0
    ],
    "valid_acc": [
        85.71428571428571,
        96.42857142857143,
        100.0,
        100.0,
        100.0,
        100.0,
        100.0,
        100.0,
        100.0,
        100.0,
        100.0,
        100.0,
        100.0,
        100.0,
        100.0,
        100.0,
        100.0,
        100.0,
        100.0,
        100.0,
        100.0,
        100.0,
        100.0,
        100.0,
        100.0,
        100.0,
        100.0,
        100.0,
        100.0,
        100.0,
        100.0,
        100.0,
        100.0,
        100.0,
        100.0,
        100.0,
        100.0,
        100.0,
        100.0,
        100.0,
        100.0,
        100.0,
        100.0,
        100.0,
        100.0,
        100.0,
        100.0,
        100.0,
        100.0,
        100.0
    ],
    "precision": 0.9992884775964905,
    "recall": 0.9992857142857142,
    "f1": 0.9992855112394823,